term,count,length
peopl,554,5
need,484,4
food,480,4
rain,410,4
status,355,6
contact,300,7
flood,291,5
helplin,248,7
stay,248,4
safe,244,4
number,217,6
area,192,4
atus,182,4
tatus,177,5
media,171,5
water,167,5
share,166,5
rescu,164,5
road,152,4
call,142,4
avail,140,5
near,129,4
open,125,4
emerg,121,5
nation,118,6
strand,113,6
packet,112,6
volunt,112,6
stuck,112,5
time,109,4
anyon,107,5
citi,104,4
heavi,103,5
news,103,4
armi,98,4
dont,98,4
team,91,4
readi,89,5
boat,89,4
tweet,88,5
pray,88,4
situat,86,6
reach,86,5
spread,84,6
india,84,5
hope,82,4
nagar,80,5
help,80,4
take,80,4
like,77,4
accommod,76,8
friend,75,6
famili,74,6
shelter,73,7
look,73,4
prayer,69,6
affect,68,6
mani,68,4
stop,68,4
today,67,5
around,66,6
distribut,65,9
save,65,4
know,64,4
show,64,4
recharg,63,7
urgent,63,6
thank,62,5
relief,61,6
dear,61,4
home,61,4
channel,59,7
much,59,4
cover,58,5
hstatus,57,7
make,56,4
just,55,4
airport,54,7
place,54,5
everyon,52,7
info,52,4
kind,52,4
retweet,51,7
hour,51,4
send,51,4
provid,50,6
requir,50,6
updat,50,5
someon,49,6
offic,49,5
also,49,4
good,48,4
tomorrow,47,8
indian,47,6
inform,47,6
power,47,5
care,47,4
hous,47,4
adyar,46,5
hashtag,45,7
come,45,4
free,45,4
govt,45,4
possibl,44,7
even,44,4
work,44,4
tambaram,43,8
realli,43,6
donat,43,5
offer,43,5
rainfal,42,7
still,42,5
worst,42,5
lake,42,4
next,42,4
strong,41,6
wors,41,4
continu,40,7
avoid,40,5
live,40,4
school,39,6
mobil,39,5
natur,39,5
give,39,4
want,39,4
verifi,38,6
list,38,4
soon,38,4
keep,37,4
word,37,4
disast,36,6
close,36,5
start,36,5
anna,36,4
cant,36,4
feel,36,4
mall,36,4
collect,35,7
detail,35,6
suppli,35,6
morn,35,4
tamil,34,5
post,34,4
till,34,4
accomod,33,7
twitter,32,7
happen,32,6
last,32,4
pass,32,4
year,32,4
check,31,5
nadu,31,4
part,31,4
coverag,30,7
colleg,30,6
suffer,30,6
train,30,5
support,29,7
better,29,6
cinema,29,6
guindi,29,6
import,29,6
alert,29,5
needi,29,5
night,29,5
well,29,4
velacheri,28,9
attent,28,6
immedi,28,6
right,28,5
best,28,4
line,28,4
first,27,5
great,27,5
ladi,27,4
mudichur,26,8
request,26,7
tonight,26,7
servic,26,6
state,26,5
thing,26,5
navi,26,4
note,26,4
sinc,26,4
sathyam,25,7
arrang,25,6
travel,25,6
deliv,25,5
never,25,5
south,25,5
trend,25,5
back,25,4
contribut,24,9
intoler,24,7
thought,24,7
vehicl,24,6
floor,24,5
river,24,5
high,24,4
jain,24,4
oper,24,4
seem,24,4
pregnant,23,8
blanket,23,7
parcel,23,6
anoth,23,5
bring,23,5
group,23,5
heart,23,5
north,23,5
proud,23,5
ever,23,4
imag,23,4
park,23,4
sink,23,4
forecast,22,8
without,22,7
indoor,22,6
messag,22,6
record,22,6
bless,22,5
break,22,5
bridg,22,5
human,22,5
stand,22,5
think,22,5
life,22,4
unit,22,4
phoenix,21,7
govern,21,6
report,21,6
scari,21,5
templ,21,5
find,21,4
hand,21,4
issu,21,4
love,21,4
transport,20,9
submerg,20,7
univers,20,7
almost,20,6
deploy,20,6
drown,20,5
medic,20,5
other,20,5
struggl,19,7
action,19,6
effort,19,6
expect,19,6
along,19,5
evacu,19,5
merci,19,5
name,19,4
shut,19,4
chennairainsorg,18,15
tamilnadu,18,9
chennait,18,8
naihtml,18,7
coloni,18,6
decemb,18,6
follow,18,6
street,18,6
ignor,18,5
caus,18,4
move,18,4
plan,18,4
saidapet,17,8
anybodi,17,7
complet,17,7
student,17,7
terribl,17,7
weather,17,7
cancel,17,6
electr,17,6
prepar,17,6
receiv,17,6
region,17,6
ashok,17,5
debat,17,5
everi,17,5
shame,17,5
real,17,4
urapakkam,16,9
perambur,16,8
address,16,7
condit,16,6
declar,16,6
safeti,16,6
social,16,6
tnagar,16,6
victim,16,6
final,16,5
level,16,5
money,16,5
sleep,16,5
away,16,4
east,16,4
fund,16,4
kudo,16,4
serv,16,4
wait,16,4
anakaputhur,15,11
buckingham,15,10
madipakkam,15,10
everywher,15,9
compani,15,7
holiday,15,7
istatus,15,7
serious,15,7
doctor,15,6
doesnt,15,6
person,15,6
actor,15,5
canal,15,5
entir,15,5
least,15,5
manag,15,5
might,15,5
porur,15,5
stock,15,5
video,15,5
watch,15,5
camp,15,4
form,15,4
full,15,4
pack,15,4
talk,15,4
tell,15,4
nungambakkam,14,12
politician,14,10
citizen,14,7
access,14,6
balanc,14,6
mumbai,14,6
someth,14,6
anyth,14,5
apart,14,5
happi,14,5
order,14,5
tower,14,5
world,14,5
amaz,14,4
face,14,4
folk,14,4
link,14,4
meal,14,4
side,14,4
sure,14,4
week,14,4
traffic,13,7
across,13,6
beyond,13,6
broken,13,6
labour,13,6
launch,13,6
normal,13,6
stupid,13,6
togeth,13,6
lunch,13,5
polit,13,5
salut,13,5
singl,13,5
unabl,13,5
done,13,4
leav,13,4
ndrf,13,4
noth,13,4
read,13,4
that,13,4
gandhinagar,12,11
villivakkam,12,11
pallavaram,12,10
royapettah,12,10
ramapuram,12,9
alreadi,12,7
develop,12,7
instead,12,7
lstatus,12,7
network,12,7
nstatus,12,7
postpon,12,7
rstatus,12,7
balaji,12,6
common,12,6
corpor,12,6
nearbi,12,6
alway,12,5
blame,12,5
build,12,5
calam,12,5
chang,12,5
cloud,12,5
egmor,12,5
hotel,12,5
month,12,5
phone,12,5
worri,12,5
asap,12,4
babi,12,4
busi,12,4
door,12,4
lakh,12,4
pkts,12,4
pour,12,4
step,12,4
west,12,4
what,12,4
wish,12,4
teynampet,11,9
helicopt,11,8
prioriti,11,8
atleast,11,7
biscuit,11,7
current,11,7
medicin,11,7
respond,11,7
sstatus,11,7
center,11,6
enough,11,6
hospit,11,6
outsid,11,6
remain,11,6
toward,11,6
vineet,11,6
wonder,11,6
becom,11,5
clear,11,5
delhi,11,5
focus,11,5
locat,11,5
madra,11,5
relat,11,5
stori,11,5
whole,11,5
anim,11,4
hear,11,4
join,11,4
lack,11,4
pain,11,4
valasaravakkam,10,14
thiruvanmiyur,10,13
cuddalor,10,8
spreadit,10,8
concern,10,7
countri,10,7
discuss,10,7
english,10,7
everyth,10,7
predict,10,7
respect,10,7
assist,10,6
differ,10,6
intens,10,6
moment,10,6
parent,10,6
public,10,6
random,10,6
regard,10,6
spirit,10,6
theatr,10,6
avenu,10,5
carri,10,5
centr,10,5
crazi,10,5
drive,10,5
given,10,5
metro,10,5
onlin,10,5
polic,10,5
sever,10,5
amma,10,4
case,10,4
cook,10,4
deep,10,4
fall,10,4
flat,10,4
here,10,4
modi,10,4
ndtv,10,4
plzz,10,4
room,10,4
seen,10,4
tmrw,10,4
turn,10,4
wake,10,4
thiruvalluar,9,12
aadambakkam,9,11
crowdsourc,9,10
chennaiti,9,9
necessari,9,9
royapetah,9,9
siddharth,9,9
bangalor,9,8
deliveri,9,8
karthick,9,8
mandapam,9,8
ravindra,9,8
announc,9,7
appreci,9,7
chennai,9,7
express,9,7
minimum,9,7
resourc,9,7
special,9,7
ashwin,9,6
devast,9,6
effect,9,6
flight,9,6
genuin,9,6
ground,9,6
hostel,9,6
jadeja,9,6
latest,9,6
member,9,6
bread,9,5
creat,9,5
crisi,9,5
damag,9,5
dedic,9,5
fight,9,5
heard,9,5
insid,9,5
local,9,5
resid,9,5
calm,9,4
feet,9,4
frnd,9,4
item,9,4
lost,9,4
main,9,4
miss,9,4
must,9,4
rice,9,4
rise,9,4
rout,9,4
TRUE,9,4
chembarambakkam,8,15
kotturpuram,8,11
manapakkam,8,10
breakfast,8,9
downpour,8,8
satellit,8,8
biggest,8,7
forward,8,7
heavili,8,7
horribl,8,7
increas,8,7
problem,8,7
respons,8,7
station,8,7
actual,8,6
direct,8,6
easier,8,6
global,8,6
includ,8,6
infosi,8,6
materi,8,6
remind,8,6
second,8,6
surviv,8,6
zomato,8,6
cusec,8,5
enter,8,5
mahal,8,5
parri,8,5
perum,8,5
scare,8,5
small,8,5
sourc,8,5
wrong,8,5
bank,8,4
base,8,4
exam,8,4
feed,8,4
half,8,4
hero,8,4
hold,8,4
huge,8,4
isnt,8,4
land,8,4
lash,8,4
long,8,4
mind,8,4
nice,8,4
ppls,8,4
ride,8,4
sign,8,4
song,8,4
tech,8,4
warn,8,4
your,8,4
zone,8,4
actorsiddharth,7,14
guduvancheri,7,12
nandambakkam,7,12
kodambakkam,7,11
peoplekind,7,10
district,7,8
helpless,7,8
mahindra,7,8
pradeesh,7,8
brother,7,7
coordin,7,7
depress,7,7
employe,7,7
hearten,7,7
karthik,7,7
maximum,7,7
nonstop,7,7
organis,7,7
patient,7,7
batter,7,6
breach,7,6
cylind,7,6
driver,7,6
fellow,7,6
mayaja,7,6
offici,7,6
pathet,7,6
rather,7,6
releas,7,6
shower,7,6
sister,7,6
struck,7,6
troubl,7,6
venkat,7,6
whatev,7,6
angel,7,5
basic,7,5
block,7,5
chanc,7,5
estat,7,5
frnds,7,5
leela,7,5
liter,7,5
major,7,5
proof,7,5
prove,7,5
shock,7,5
stuff,7,5
taken,7,5
toler,7,5
total,7,5
touch,7,5
tough,7,5
visit,7,5
came,7,4
cost,7,4
dark,7,4
dead,7,4
guid,7,4
hard,7,4
hole,7,4
knee,7,4
ping,7,4
rest,7,4
seek,7,4
shit,7,4
slow,7,4
toll,7,4
warm,7,4
perungalathur,6,13
psychiatrist,6,12
adambakkam,6,10
emergencyr,6,10
understand,6,10
vadapalani,6,10
velacherri,6,10
perungudi,6,9
ayodhaya,6,8
communic,6,8
interest,6,8
mambalam,6,8
question,6,8
strength,6,8
central,6,7
dstatus,6,7
mylapor,6,7
various,6,7
whoever,6,7
bengal,6,6
extend,6,6
gandhi,6,6
imagin,6,6
impact,6,6
matter,6,6
minist,6,6
mother,6,6
oxygen,6,6
prefer,6,6
proper,6,6
system,6,6
allah,6,5
arriv,6,5
bottl,6,5
brave,6,5
cloth,6,5
crowd,6,5
donor,6,5
exist,6,5
initi,6,5
palac,6,5
point,6,5
quick,6,5
retwt,6,5
rting,6,5
scene,6,5
super,6,5
urban,6,5
vijay,6,5
bsnl,6,4
damn,6,4
drop,6,4
fill,6,4
hate,6,4
idea,6,4
left,6,4
letz,6,4
mean,6,4
paul,6,4
peep,6,4
poor,6,4
quit,6,4
reel,6,4
shud,6,4
soul,6,4
tomo,6,4
upto,6,4
view,6,4
whev,6,4
chembarabakkam,5,14
perungudipleas,5,14
infrastructur,5,13
thoraipakkam,5,12
kattupakkam,5,11
spreadsheet,5,11
medavakkam,5,10
parliament,5,10
puducherri,5,10
chennaiit,5,9
collector,5,9
experienc,5,9
heartwarm,5,9
statement,5,9
ambattur,5,8
children,5,8
chrompet,5,8
crescent,5,8
homeless,5,8
industri,5,8
overflow,5,8
somebodi,5,8
vandalur,5,8
waterlog,5,8
whatsapp,5,8
absolut,5,7
anywher,5,7
centuri,5,7
connect,5,7
distanc,5,7
drainag,5,7
groceri,5,7
horrifi,5,7
mention,5,7
passeng,5,7
probabl,5,7
product,5,7
sometim,5,7
standbi,5,7
suggest,5,7
valuabl,5,7
anytim,5,6
author,5,6
awesom,5,6
believ,5,6
bother,5,6
campus,5,6
compar,5,6
consid,5,6
cousin,5,6
danger,5,6
depart,5,6
focuss,5,6
gaurav,5,6
honest,5,6
incess,5,6
innova,5,6
jogani,5,6
lesson,5,6
muslim,5,6
prasad,5,6
sheena,5,6
suburb,5,6
switch,5,6
terrac,5,6
urself,5,6
ventur,5,6
blood,5,5
capit,5,5
child,5,5
count,5,5
cross,5,5
drain,5,5
elder,5,5
facil,5,5
flash,5,5
float,5,5
found,5,5
gonna,5,5
googl,5,5
guess,5,5
handl,5,5
havoc,5,5
hundr,5,5
learn,5,5
notic,5,5
repli,5,5
shall,5,5
sorri,5,5
spare,5,5
there,5,5
tidel,5,5
track,5,5
trust,5,5
uniti,5,5
unsaf,5,5
aliv,5,4
bias,5,4
bike,5,4
buse,5,4
fear,5,4
fine,5,4
forc,5,4
hall,5,4
head,5,4
lend,5,4
less,5,4
loss,5,4
movi,5,4
okay,5,4
page,5,4
past,5,4
pple,5,4
rais,5,4
star,5,4
tree,5,4
vote,5,4
went,5,4
whoa,5,4
wide,5,4
wont,5,4
sholinganallur,4,14
ghantagiricom,4,13
jafferkhanpet,4,13
metropolitan,4,12
nungampakkam,4,12
packetsbottl,4,12
pallikaranai,4,12
kanchipuram,4,11
perumbakkam,4,11
journalist,4,10
villivakam,4,10
chennaimi,4,9
chromepet,4,9
communiti,4,9
everybodi,4,9
hyderabad,4,9
rajendran,4,9
sowcarpet,4,9
streamlin,4,9
yesterday,4,9
youngster,4,9
bullshit,4,8
colleagu,4,8
committe,4,8
complain,4,8
document,4,8
facebook,4,8
internet,4,8
kalaimag,4,8
neighbor,4,8
pakistan,4,8
saravana,4,8
somewher,4,8
surround,4,8
alandur,4,7
confirm,4,7
couldnt,4,7
crucial,4,7
highest,4,7
histori,4,7
nagarif,4,7
stretch,4,7
tharoor,4,7
tyranni,4,7
whether,4,7
yfbidid,4,7
aerial,4,6
amidst,4,6
anthem,4,6
arvind,4,6
attend,4,6
bolero,4,6
celebr,4,6
circul,4,6
climat,4,6
critic,4,6
cyclon,4,6
defens,4,6
desper,4,6
dinner,4,6
divert,4,6
easili,4,6
especi,4,6
except,4,6
excess,4,6
forget,4,6
garden,4,6
massiv,4,6
mechan,4,6
nelson,4,6
rayeez,4,6
rememb,4,6
repeat,4,6
season,4,6
signal,4,6
strike,4,6
suppos,4,6
trichi,4,6
within,4,6
activ,4,5
arcot,4,5
arent,4,5
broke,4,5
candl,4,5
court,4,5
crash,4,5
death,4,5
delay,4,5
delug,4,5
drink,4,5
inund,4,5
iruku,4,5
littl,4,5
minut,4,5
moham,4,5
moron,4,5
mount,4,5
organ,4,5
photo,4,5
plzzz,4,5
rahul,4,5
raini,4,5
reced,4,5
recov,4,5
romba,4,5
sethu,4,5
shape,4,5
shift,4,5
sound,4,5
speak,4,5
storm,4,5
stray,4,5
theyr,4,5
vinod,4,5
women,4,5
awar,4,4
bash,4,4
book,4,4
bora,4,4
chao,4,4
cmbt,4,4
deal,4,4
dial,4,4
four,4,4
fuck,4,4
furi,4,4
halt,4,4
hash,4,4
inde,4,4
khan,4,4
lead,4,4
load,4,4
male,4,4
none,4,4
palm,4,4
said,4,4
sens,4,4
sent,4,4
text,4,4
took,4,4
trap,4,4
walk,4,4
wash,4,4
wind,4,4
chindhadripet,3,13
perungulathur,3,13
vijayaraghava,3,13
chengalpattu,3,12
meenambakkam,3,12
workscontact,3,12
choolaimedu,3,11
temporarili,3,11
catastroph,3,10
chengalpet,3,10
commission,3,10
countrymen,3,10
dearlyfeel,3,10
mainstream,3,10
vyasarpadi,3,10
annanagar,3,9
brilliant,3,9
difficult,3,9
disappear,3,9
entertain,3,9
flyvenkat,3,9
kothandan,3,9
koyambedu,3,9
priceless,3,9
reservoir,3,9
residenti,3,9
standstil,3,9
temporari,3,9
timewomen,3,9
vandaloor,3,9
adventur,3,8
campaign,3,8
chappati,3,8
compound,3,8
concentr,3,8
courtesi,3,8
discharg,3,8
generous,3,8
junction,3,8
manickam,3,8
mrjogani,3,8
privileg,3,8
raghavan,3,8
reachabl,3,8
reaction,3,8
recoveri,3,8
religion,3,8
rjbalaji,3,8
selfless,3,8
shutdown,3,8
siruseri,3,8
southern,3,8
stranger,3,8
subscrib,3,8
telecast,3,8
thousand,3,8
torrenti,3,8
unpreced,3,8
account,3,7
anirudh,3,7
astatus,3,7
chetpet,3,7
command,3,7
confess,3,7
control,3,7
essenti,3,7
highway,3,7
januari,3,7
jstatus,3,7
kilpauk,3,7
mobilis,3,7
navalur,3,7
neglect,3,7
nonsens,3,7
opposit,3,7
partner,3,7
planner,3,7
present,3,7
project,3,7
psblcnt,3,7
railway,3,7
rescuer,3,7
ridicul,3,7
scorpio,3,7
shakshi,3,7
somehow,3,7
theater,3,7
aditya,3,6
airtel,3,6
akshay,3,6
altern,3,6
amount,3,6
answer,3,6
anyway,3,6
bhaand,3,6
carbik,3,6
caught,3,6
chetti,3,6
commut,3,6
counti,3,6
crater,3,6
disabl,3,6
easter,3,6
expert,3,6
featur,3,6
festus,3,6
havent,3,6
horrif,3,6
indigo,3,6
involv,3,6
leader,3,6
listen,3,6
longer,3,6
maroon,3,6
measur,3,6
memori,3,6
murder,3,6
pillar,3,6
player,3,6
plenti,3,6
pothol,3,6
pretti,3,6
promot,3,6
rajesh,3,6
realiz,3,6
replac,3,6
return,3,6
rumour,3,6
runima,3,6
sampoo,3,6
shrink,3,6
silent,3,6
sriram,3,6
thotam,3,6
though,3,6
vessel,3,6
vishnu,3,6
welcom,3,6
window,3,6
workin,3,6
adult,3,5
advis,3,5
ajith,3,5
alarm,3,5
anywi,3,5
appar,3,5
arnab,3,5
avadi,3,5
becam,3,5
celeb,3,5
charg,3,5
clean,3,5
crore,3,5
didnt,3,5
divid,3,5
earth,3,5
ensur,3,5
entri,3,5
equip,3,5
front,3,5
fulli,3,5
gopal,3,5
greed,3,5
hasnt,3,5
humbl,3,5
idiot,3,5
insan,3,5
kumar,3,5
lanka,3,5
later,3,5
limit,3,5
match,3,5
medhi,3,5
middl,3,5
model,3,5
nomin,3,5
panic,3,5
paper,3,5
parti,3,5
prime,3,5
regal,3,5
round,3,5
rumor,3,5
salai,3,5
samir,3,5
sight,3,5
space,3,5
spoke,3,5
thaan,3,5
three,3,5
truck,3,5
tweep,3,5
vacat,3,5
venic,3,5
woman,3,5
youll,3,5
alon,3,4
amir,3,4
bake,3,4
band,3,4
beat,3,4
bodi,3,4
bout,3,4
card,3,4
danc,3,4
data,3,4
dept,3,4
draw,3,4
edit,3,4
fail,3,4
film,3,4
flow,3,4
foot,3,4
gave,3,4
girl,3,4
gone,3,4
grid,3,4
grim,3,4
hari,3,4
hell,3,4
holi,3,4
ithu,3,4
joke,3,4
juli,3,4
kill,3,4
lock,3,4
lodg,3,4
lose,3,4
made,3,4
mayb,3,4
mess,3,4
mile,3,4
milk,3,4
miot,3,4
mode,3,4
most,3,4
mrng,3,4
mrts,3,4
nris,3,4
pani,3,4
play,3,4
plot,3,4
rate,3,4
rich,3,4
rule,3,4
rupe,3,4
taxi,3,4
thnx,3,4
thru,3,4
town,3,4
upon,3,4
wall,3,4
wast,3,4
wave,3,4
weve,3,4
whts,3,4
wise,3,4
foodwaterelectr,2,15
shollinganallur,2,15
tambaramcontact,2,15
mathuranthagam,2,14
shollingnallor,2,14
foodtransport,2,13
guduvancherri,2,13
jaffarkhanpet,2,13
peruganlathur,2,13
tirumalanathn,2,13
chennaiflood,2,12
chennaiheavi,2,12
chitlapakkam,2,12
ekkattuthang,2,12
jayalalithaa,2,12
mamallapuram,2,12
tweetretweet,2,12
bitlylnxeqx,2,11
emceeaarjay,2,11
manupubbyet,2,11
nanmangalam,2,11
numberpleas,2,11
numberskind,2,11
pondicherri,2,11
skymetweath,2,11
valasaravak,2,11
arivalayam,2,10
ayanavaram,2,10
disappoint,2,10
googlultdt,2,10
heartbreak,2,10
karapakkam,2,10
nesapakkam,2,10
nowpasseng,2,10
onefactori,2,10
particular,2,10
plzcontact,2,10
poonamalle,2,10
rajpurohit,2,10
sathyabama,2,10
stationcan,2,10
tiruvallur,2,10
urappakkam,2,10
veerapuram,2,10
verifiedne,2,10
vitchennai,2,10
administr,2,9
afternoon,2,9
arunmathi,2,9
bollywood,2,9
broadcast,2,9
christian,2,9
conscienc,2,9
construct,2,9
drvignesh,2,9
geoawesom,2,9
intensifi,2,9
interview,2,9
irrespons,2,9
merciless,2,9
mogappair,2,9
multiplex,2,9
overnight,2,9
overwhelm,2,9
peoplerel,2,9
samaritan,2,9
technolog,2,9
thalaivar,2,9
treatment,2,9
triplican,2,9
tweetcast,2,9
wunderbar,2,9
accentur,2,8
affluent,2,8
almighti,2,8
alwarpet,2,8
approach,2,8
avantika,2,8
ayyappan,2,8
cautious,2,8
consolid,2,8
discount,2,8
distress,2,8
earliest,2,8
govindan,2,8
hichalur,2,8
identifi,2,8
indoorsb,2,8
kodambak,2,8
krishnan,2,8
labourno,2,8
militari,2,8
mogapair,2,8
nagarcan,2,8
normalci,2,8
northern,2,8
previous,2,8
properti,2,8
sadasiva,2,8
safestay,2,8
sangeeta,2,8
somethin,2,8
strander,2,8
suburban,2,8
tamnaram,2,8
telephon,2,8
thursday,2,8
tripathi,2,8
unbeliev,2,8
undertak,2,8
underwat,2,8
unfortun,2,8
unprepar,2,8
whiplash,2,8
altitud,2,7
analysi,2,7
aravind,2,7
archana,2,7
assault,2,7
atlanti,2,7
attract,2,7
batteri,2,7
bstatus,2,7
ceedyey,2,7
chariti,2,7
congest,2,7
congrat,2,7
correct,2,7
corrupt,2,7
couplno,2,7
cricket,2,7
databas,2,7
deepika,2,7
definit,2,7
delight,2,7
densiti,2,7
describ,2,7
destroy,2,7
disastr,2,7
disrupt,2,7
empathi,2,7
entranc,2,7
environ,2,7
explain,2,7
facilit,2,7
footbal,2,7
generos,2,7
headlin,2,7
helpout,2,7
inadyar,2,7
journey,2,7
kailash,2,7
kalyana,2,7
landlin,2,7
madrasi,2,7
marriag,2,7
mission,2,7
monsoon,2,7
mukiyam,2,7
mungitu,2,7
nearest,2,7
nmcomfb,2,7
olympia,2,7
opinion,2,7
outflow,2,7
overcom,2,7
perfect,2,7
popular,2,7
potheri,2,7
presenc,2,7
pressur,2,7
prevent,2,7
protect,2,7
realtim,2,7
relianc,2,7
repriev,2,7
servant,2,7
sheriff,2,7
similar,2,7
someway,2,7
stthoma,2,7
sunshin,2,7
surpris,2,7
terrifi,2,7
thanthi,2,7
tragedi,2,7
unknown,2,7
useless,2,7
vignesh,2,7
wstatus,2,7
accord,2,6
adayar,2,6
agenda,2,6
aiadmk,2,6
airlin,2,6
anymor,2,6
apathi,2,6
appeal,2,6
applic,2,6
arrest,2,6
attach,2,6
beauti,2,6
behind,2,6
besant,2,6
bigger,2,6
bloodi,2,6
bombay,2,6
brutal,2,6
captur,2,6
chepak,2,6
collag,2,6
column,2,6
compil,2,6
courag,2,6
darker,2,6
diabet,2,6
divers,2,6
either,2,6
episod,2,6
examin,2,6
exampl,2,6
extent,2,6
extrem,2,6
fabric,2,6
finish,2,6
gather,2,6
gemini,2,6
genius,2,6
gestur,2,6
hastag,2,6
humzaa,2,6
impair,2,6
improv,2,6
infant,2,6
insist,2,6
intern,2,6
island,2,6
kalyan,2,6
konjam,2,6
lessen,2,6
madhya,2,6
manmad,2,6
master,2,6
mayhem,2,6
mazhai,2,6
novemb,2,6
nunber,2,6
option,2,6
packag,2,6
plight,2,6
pollut,2,6
presid,2,6
privat,2,6
punish,2,6
purpos,2,6
reason,2,6
recent,2,6
reciev,2,6
releif,2,6
relent,2,6
render,2,6
reptil,2,6
review,2,6
scienc,2,6
search,2,6
shutal,2,6
slowli,2,6
subsid,2,6
summer,2,6
superb,2,6
suresh,2,6
swathi,2,6
thrive,2,6
unless,2,6
unosat,2,6
unplan,2,6
vanish,2,6
visibl,2,6
wakeup,2,6
winner,2,6
aamir,2,5
advic,2,5
ahead,2,5
allow,2,5
alpin,2,5
alrdi,2,5
anand,2,5
askin,2,5
assur,2,5
award,2,5
belov,2,5
black,2,5
bleed,2,5
bravo,2,5
built,2,5
ccccc,2,5
chain,2,5
cheer,2,5
chief,2,5
choic,2,5
choos,2,5
click,2,5
cntct,2,5
coast,2,5
coupl,2,5
cours,2,5
creek,2,5
depot,2,5
docto,2,5
donno,2,5
dunno,2,5
earli,2,5
event,2,5
expos,2,5
femal,2,5
forwa,2,5
fresh,2,5
hello,2,5
hindu,2,5
honbl,2,5
howev,2,5
incid,2,5
injur,2,5
innoc,2,5
insur,2,5
intha,2,5
karur,2,5
knowi,2,5
lackh,2,5
legit,2,5
logic,2,5
maggi,2,5
manoj,2,5
minim,2,5
mosqu,2,5
namma,2,5
nepal,2,5
occas,2,5
ocean,2,5
olymp,2,5
ooooo,2,5
outer,2,5
owner,2,5
pinki,2,5
pitch,2,5
plain,2,5
plant,2,5
pplwe,2,5
puram,2,5
queen,2,5
radar,2,5
reduc,2,5
renam,2,5
resqu,2,5
resum,2,5
rider,2,5
rljlg,2,5
safer,2,5
seper,2,5
shane,2,5
sheet,2,5
shine,2,5
shiva,2,5
short,2,5
shown,2,5
shuld,2,5
skirt,2,5
smart,2,5
snake,2,5
spent,2,5
spray,2,5
staff,2,5
starv,2,5
studi,2,5
swift,2,5
tackl,2,5
thala,2,5
theyv,2,5
thoma,2,5
topic,2,5
treat,2,5
twitr,2,5
upper,2,5
upset,2,5
usual,2,5
utter,2,5
varun,2,5
wanna,2,5
weird,2,5
whove,2,5
worth,2,5
wrath,2,5
write,2,5
young,2,5
youth,2,5
acct,2,4
aftr,2,4
agre,2,4
aint,2,4
amen,2,4
arnd,2,4
arul,2,4
arun,2,4
asia,2,4
asid,2,4
babu,2,4
bala,2,4
bare,2,4
bcoz,2,4
blah,2,4
blow,2,4
bond,2,4
boss,2,4
bros,2,4
cafe,2,4
cash,2,4
choa,2,4
clni,2,4
clog,2,4
club,2,4
copi,2,4
corp,2,4
crap,2,4
crew,2,4
ctct,2,4
deni,2,4
earn,2,4
easi,2,4
emot,2,4
evac,2,4
fact,2,4
fake,2,4
fmli,2,4
ford,2,4
frds,2,4
gate,2,4
givn,2,4
grow,2,4
itll,2,4
jeep,2,4
knew,2,4
larg,2,4
loos,2,4
lord,2,4
luck,2,4
mega,2,4
mine,2,4
mini,2,4
moon,2,4
ndma,2,4
nite,2,4
noah,2,4
pari,2,4
piec,2,4
piti,2,4
plea,2,4
pola,2,4
pole,2,4
pool,2,4
prey,2,4
prop,2,4
pull,2,4
pump,2,4
quot,2,4
race,2,4
reqd,2,4
rght,2,4
role,2,4
ruin,2,4
rush,2,4
sell,2,4
seri,2,4
shld,2,4
shop,2,4
site,2,4
size,2,4
slap,2,4
snap,2,4
soak,2,4
spam,2,4
stil,2,4
strt,2,4
subu,2,4
suck,2,4
surf,2,4
swim,2,4
tear,2,4
teja,2,4
thre,2,4
thse,2,4
tneb,2,4
tntj,2,4
tuss,2,4
twin,2,4
type,2,4
uncl,2,4
watr,2,4
whoz,2,4
wifi,2,4
wire,2,4
wood,2,4
wrds,2,4
yday,2,4
bitlycrrhelpform,1,16
chennairainshelp,1,16
communicationwis,1,16
contdrselvamuthu,1,16
deafeningcomplet,1,16
frndstrandedyday,1,16
landmarkdrvimala,1,16
mediumcomchennai,1,16
midnightscariest,1,16
mudichurtambaram,1,16
mynameiskumarorg,1,16
nationalnwschanl,1,16
thirnuneermailai,1,16
volunteersvehicl,1,16
youtubefudivjcfm,1,16
youtubewuaggjdai,1,16
accountabledont,1,15
angaputhurflood,1,15
chembarampakkam,1,15
chemberambakkam,1,15
chennairainhelp,1,15
chukkuvellamcom,1,15
dhandayudhapani,1,15
dhandayuthapani,1,15
drbnroadrdfloor,1,15
facilitiesworst,1,15
governmentmedia,1,15
helplineconnect,1,15
kalyanamandapam,1,15
locationcontact,1,15
moneymoneymoney,1,15
oldwashermenpet,1,15
parliamentarian,1,15
prioritycontact,1,15
reportinsensitv,1,15
runningstatusin,1,15
strandedcontact,1,15
telugustatescom,1,15
therikavedalama,1,15
thirumudivakkam,1,15
tinyurlcomzuazd,1,15
triservicesndrf,1,15
unbelievablenev,1,15
unreachablelast,1,15
westcreekcounti,1,15
aransankazhani,1,14
chembarapakkam,1,14
chennaimadurai,1,14
commendablebut,1,14
donationrequir,1,14
eatwitheyescom,1,14
emergencypleas,1,14
hariharannaidu,1,14
hiruneermailai,1,14
importantpleas,1,14
impradeepkumar,1,14
informativemit,1,14
kattankulathur,1,14
knowspeoplewho,1,14
mambalamguindi,1,14
marundeeshwara,1,14
medicinesemerg,1,14
meenambakkamcm,1,14
offeringrequir,1,14
orthopaedician,1,14
overflownflood,1,14
peerkankaranai,1,14
prayforchennai,1,14
puzhuthivakkam,1,14
reallyurgentif,1,14
saravanabhavan,1,14
sembarambakkam,1,14
shollingnallur,1,14
srivilliputtur,1,14
thiruneermalai,1,14
thiruvanmaiyur,1,14
tianjintianshi,1,14
valasaracakkam,1,14
verfiedcontact,1,14
vlrwzricitwitt,1,14
youtubetzljuro,1,14
alhamdulillah,1,13
availablethos,1,13
awaytransport,1,13
blanketsbread,1,13
catererspeopl,1,13
channellivetv,1,13
chembrabakkam,1,13
chembrambakam,1,13
chennaignight,1,13
chennaiground,1,13
chennaiindian,1,13
chennaischool,1,13
clientsdeclar,1,13
currentstreet,1,13
effortcontact,1,13
essphotosatyp,1,13
gummidipoondi,1,13
gunduvancheri,1,13
helicopterbas,1,13
hotelssangita,1,13
informationit,1,13
inspiredthank,1,13
interestedupd,1,13
kamakotinagar,1,13
karthikeyandv,1,13
kodambakkammi,1,13
madhyakailash,1,13
mahabalipuram,1,13
marundeeswara,1,13
mathematician,1,13
metsatkalpana,1,13
muthukrishnan,1,13
nandhambakkam,1,13
neighbourhood,1,13
nithyanandham,1,13
packetspromis,1,13
panreengalema,1,13
prayfrchennai,1,13
rescuingabdul,1,13
scorpiusvishi,1,13
setatypetheat,1,13
shankarapuram,1,13
sholingnallur,1,13
situationstay,1,13
sonnanvangala,1,13
sriperumbudur,1,13
sruthianirudh,1,13
strandedpleas,1,13
tcornblxxdsgc,1,13
thalapathyian,1,13
thiruvotriyur,1,13
thorraipakkam,1,13
unnecessarili,1,13
valasaravakam,1,13
vasanthbhavan,1,13
venkateswaran,1,13
virugambakkam,1,13
vllmdesytwitt,1,13
volunteerhelp,1,13
workingcorpor,1,13
youtubebdwhev,1,13
aandarpakkam,1,12
adhuvaraikum,1,12
affectedmani,1,12
ahamedjamila,1,12
alamelupuram,1,12
arunrockstar,1,12
californiaon,1,12
callwhatsapp,1,12
chennaipleas,1,12
chennaitweat,1,12
contactvinod,1,12
daawwdetroit,1,12
dhanalakshmi,1,12
ekkaduthankg,1,12
fbmeehszdqox,1,12
fbmefgtamajo,1,12
fbmefzqvnvki,1,12
fbmeganiehga,1,12
fbmegtvuntvm,1,12
fbmekybgfmhz,1,12
fbmemqmkpxki,1,12
fbmeniibqrzg,1,12
fbmepyephuph,1,12
fbmeqcpllyfc,1,12
fbmetdkjfjht,1,12
fbmettxajqrf,1,12
fbmevberqmtu,1,12
fbmevujxhbqr,1,12
fbmewkctlhiv,1,12
fbmexsftfugl,1,12
fbmeyudkhpwd,1,12
fbmeyxtgrytl,1,12
fbmeyzpdkbji,1,12
fbmezfaxxuso,1,12
fbmezjaqyphd,1,12
friendsproud,1,12
heavyrainsin,1,12
helplinenumb,1,12
iyyapanthang,1,12
jeyathilagar,1,12
keelkattalai,1,12
kilpaukthank,1,12
krishcutetwt,1,12
kuduvancheri,1,12
lnkplgcoopvk,1,12
madrasmemoir,1,12
madurantakam,1,12
mettupalayam,1,12
mobilevallet,1,12
nandambakkan,1,12
neighborhood,1,12
nithyanandam,1,12
olauberetcon,1,12
paplsmudeela,1,12
paramilitari,1,12
parliamentar,1,12
perungalthur,1,12
pmmodijisend,1,12
poondhamalle,1,12
rainingpleas,1,12
scarythought,1,12
scenesextern,1,12
schoolcolleg,1,12
searchrevers,1,12
servicepleas,1,12
shahrukhkhan,1,12
shakthisreeg,1,12
shamblesstil,1,12
spokesperson,1,12
stationtrack,1,12
strandedjain,1,12
surprisesmak,1,12
tearssssssss,1,12
thissourcemi,1,12
thunderstorm,1,12
tiruchendoor,1,12
tiruvottiyur,1,12
tnweatherman,1,12
triuvanmiyur,1,12
uttharakhand,1,12
vazhindhodum,1,12
actorsceleb,1,11
anagaputhur,1,11
anandbhavan,1,11
ananthapuri,1,11
aththipatti,1,11
babyaddress,1,11
bbccomweath,1,11
bitlyhelbhi,1,11
bitlyllvnxd,1,11
bitlynkwhgk,1,11
bitlynzsxqb,1,11
bitlytubist,1,11
bitlyyeqnnq,1,11
bitlyyhfqnj,1,11
bluediamond,1,11
boatcontact,1,11
catastrophi,1,11
channelslol,1,11
chennairain,1,11
cherrapunje,1,11
chidambaram,1,11
chooleimedu,1,11
comingggggg,1,11
conditionsw,1,11
contactnumb,1,11
contributor,1,11
delhimumbai,1,11
disinterest,1,11
disqusszrvb,1,11
drownedisnt,1,11
drowningput,1,11
ecotiinkoaz,1,11
ekathuthang,1,11
ekkadudhang,1,11
ekkaduthang,1,11
environment,1,11
everywhrtot,1,11
fbmeabnxhdg,1,11
fbmeahkfklg,1,11
fbmeaiuvmnd,1,11
fbmebstwkph,1,11
fbmecfkgzup,1,11
fbmedbtdrql,1,11
fbmedjrpsaa,1,11
fbmedqjopkz,1,11
fbmedwirpsw,1,11
fbmefpdpnxx,1,11
fbmehcgnvwt,1,11
fbmehgbpqfv,1,11
fbmehlqlszi,1,11
fbmehlwlnsd,1,11
fbmehzwymnw,1,11
fbmeigknyrj,1,11
fbmeisbnchd,1,11
fbmeiuqimep,1,11
fbmeivmsoup,1,11
fbmelhfsbqn,1,11
fbmemxlyjwj,1,11
fbmepsmolbu,1,11
fbmeqeyusor,1,11
fbmeqpgpnjg,1,11
fbmerdnezzz,1,11
fbmerlaipeu,1,11
fbmesawozor,1,11
fbmesbjsvgd,1,11
fbmesfruxxh,1,11
fbmesirwzyi,1,11
fbmetisoalg,1,11
fbmetsizxzp,1,11
fbmeuizpluh,1,11
fbmeuouxgtx,1,11
fbmevpjughv,1,11
fbmevpvudqd,1,11
fbmewbyctub,1,11
fbmewcyjbjc,1,11
fbmewhnsixl,1,11
fbmewzgcott,1,11
fbmewzhtokg,1,11
fbmexoswnmi,1,11
fbmexxluegz,1,11
fbmeyajoeoz,1,11
fbmeysuxjhk,1,11
fbmezbjkxqc,1,11
fbmezwwmjim,1,11
financiallt,1,11
floodaffect,1,11
floodsthank,1,11
fmdistribut,1,11
foodblanket,1,11
foodmedicin,1,11
foodmobilis,1,11
friendstalk,1,11
googlzxjscq,1,11
gopalapuram,1,11
groundstaff,1,11
hahahahahha,1,11
helpcontact,1,11
helpmedicin,1,11
heroesthank,1,11
hrsecschool,1,11
indiapvtltd,1,11
infotechdlf,1,11
jaagrathaya,1,11
jayalalitha,1,11
kadavulukey,1,11
kanyakumari,1,11
kelambakkam,1,11
kelkattalai,1,11
kilkattalai,1,11
kodumaiiiii,1,11
lazycorrupt,1,11
leaderboard,1,11
maduravayol,1,11
manappakkam,1,11
maroonedcan,1,11
morechetpet,1,11
mrsiddharth,1,11
mudinchadha,1,11
nanganallur,1,11
needsafford,1,11
newschannel,1,11
nowtomorrow,1,11
nungabakkam,1,11
nungambakam,1,11
offersavail,1,11
packetsnear,1,11
pallikarani,1,11
pallikarnai,1,11
palpablehav,1,11
planetarium,1,11
poonthamali,1,11
pozhichalur,1,11
pursawalkam,1,11
qzcomamajor,1,11
ramakrishna,1,11
roadsespeci,1,11
scholarship,1,11
sharesckclq,1,11
sistersstay,1,11
someintoler,1,11
startedlook,1,11
strandedwat,1,11
stuckstrand,1,11
sympathynot,1,11
thanthandar,1,11
theminstead,1,11
thiruvallur,1,11
tweetspleas,1,11
ubininbbicn,1,11
underground,1,11
uttarakhand,1,11
vetricinema,1,11
vijayanagar,1,11
villagearea,1,11
vinodcaptiv,1,11
visiblether,1,11
vivekananda,1,11
voluntarili,1,11
warriorbrav,1,11
waterreject,1,11
accommboat,1,10
adyarbridg,1,10
ajithukfan,1,10
alwarpetra,1,10
amijakarai,1,10
anilchintu,1,10
anyoneanim,1,10
apocalypto,1,10
arpitsizzl,1,10
bitlynleku,1,10
bitlynotgk,1,10
blesshappi,1,10
blogeswari,1,10
chengelpet,1,10
chennaigod,1,10
chennaiguy,1,10
chennaiian,1,10
chennailot,1,10
chennainic,1,10
chennaithi,1,10
cherapunji,1,10
comparison,1,10
conspiraci,1,10
contactpet,1,10
courtesyfb,1,10
differenti,1,10
dindivanam,1,10
disasteral,1,10
disconnect,1,10
disqussucw,1,10
doeswarren,1,10
dollarsoth,1,10
downpourmi,1,10
electrocut,1,10
faaaaaaaak,1,10
fbmeajdlsi,1,10
fbmecrevuu,1,10
fbmedzftdv,1,10
fbmeehgiec,1,10
fbmeeyqqkk,1,10
fbmefzkwto,1,10
fbmeglltyp,1,10
fbmelpuatb,1,10
fbmemgsdvu,1,10
fbmemhbfwm,1,10
fbmenpmwaa,1,10
fbmermbdep,1,10
fbmesimmhk,1,10
fbmetcwohd,1,10
fbmetkhswd,1,10
fbmetoeqnw,1,10
fbmetyrriy,1,10
fbmeuisiho,1,10
fbmeumtlci,1,10
fbmexujtox,1,10
fbmeybwolt,1,10
fbmeyttskv,1,10
fbmeyyrmym,1,10
fbmezgjtlk,1,10
featherlit,1,10
flashflood,1,10
floodedord,1,10
floodsveri,1,10
foodsuppli,1,10
frndstrand,1,10
girlswomen,1,10
googlbwjtq,1,10
googlmmeil,1,10
googlpdkka,1,10
googlvjzyj,1,10
googlxrrak,1,10
googlycsvk,1,10
googlygbvi,1,10
googlzirxx,1,10
googlzrzbq,1,10
hstlwitout,1,10
injambakam,1,10
insignific,1,10
intellectu,1,10
kedachudha,1,10
kedaiyadha,1,10
kundrathur,1,10
livelihood,1,10
loodcondit,1,10
looooooong,1,10
madhavaram,1,10
manikandan,1,10
manikoondu,1,10
mannedboat,1,10
maraimalai,1,10
mediapeopl,1,10
messagecal,1,10
mrrjbalaji,1,10
napkinswil,1,10
nationalis,1,10
needvolunt,1,10
needypeopl,1,10
nerathulla,1,10
netherland,1,10
newsworthi,1,10
nonseggreg,1,10
northmedia,1,10
northsouth,1,10
omrcontact,1,10
oorapakkam,1,10
packetscal,1,10
padmavathi,1,10
palaceserv,1,10
pandrangal,1,10
photograph,1,10
pitsmanhol,1,10
placeshous,1,10
postmortem,1,10
prashanthi,1,10
presstitut,1,10
profession,1,10
propoganda,1,10
publicpray,1,10
pulyanthop,1,10
rajnikanth,1,10
readyanyon,1,10
rechargeif,1,10
reconnaiss,1,10
relentless,1,10
requestson,1,10
rescuefood,1,10
runningpwd,1,10
sanatorium,1,10
saranonlin,1,10
screenshot,1,10
sethuraman,1,10
shekarpost,1,10
shortsight,1,10
situationi,1,10
speechless,1,10
srbachchan,1,10
srinivasan,1,10
srivastava,1,10
standusman,1,10
strandedno,1,10
subhasmili,1,10
sufferingw,1,10
tagchennai,1,10
tamilcstil,1,10
thalapathi,1,10
therereach,1,10
thirunagar,1,10
tindivanam,1,10
tondairpet,1,10
tondiarpet,1,10
tweethandl,1,10
twittarati,1,10
unrestrain,1,10
vachiduchu,1,10
vadapazlni,1,10
vasudhaika,1,10
vechilemob,1,10
vijayanand,1,10
vizhupuram,1,10
waterproof,1,10
weatherupd,1,10
aamirkhan,1,9
accompani,1,9
alapakkam,1,9
allfamili,1,9
anytmecan,1,9
areamacro,1,9
areasbett,1,9
areaskudo,1,9
areasveri,1,9
avanthika,1,9
azhudutey,1,9
balaraman,1,9
bangaluru,1,9
beforeaft,1,9
biswanath,1,9
bitlydrnl,1,9
bitlyyypz,1,9
boyfriend,1,9
broadband,1,9
byanymean,1,9
canalarea,1,9
catchment,1,9
chaitanya,1,9
chennailt,1,9
chennaipl,1,9
chennaitn,1,9
chennaitt,1,9
clearedit,1,9
coimbator,1,9
complaint,1,9
darshamdu,1,9
discrimin,1,9
distrubut,1,9
dwbengali,1,9
earthquak,1,9
fbmeleftw,1,9
fbmesicxd,1,9
fbmesjxac,1,9
fbmeugdnd,1,9
fbmexwcad,1,9
fbmeyssfj,1,9
fbtwitter,1,9
fishermen,1,9
floodsgiv,1,9
foodcloth,1,9
foodpplpl,1,9
foodshelt,1,9
footprint,1,9
forgotten,1,9
fundament,1,9
gaawwwddd,1,9
ganapathi,1,9
gandhingr,1,9
ghantagir,1,9
googlqrpy,1,9
googltqcw,1,9
goosebump,1,9
grandfath,1,9
gurudwara,1,9
haphazard,1,9
hatchback,1,9
heartfelt,1,9
heavensak,1,9
heavilyit,1,9
helppleas,1,9
helpthink,1,9
herepleas,1,9
highlight,1,9
hindusuch,1,9
indefinit,1,9
indiasham,1,9
isgdptlus,1,9
kadaisila,1,9
kasiteatr,1,9
kathipara,1,9
kollywood,1,9
koyabmedu,1,9
lnisqzcom,1,9
madipakam,1,9
maduravoy,1,9
mandavali,1,9
mazhaikey,1,9
mediawhat,1,9
metropoli,1,9
mudichoor,1,9
mudiyadhu,1,9
naanellam,1,9
nameprema,1,9
natarajan,1,9
nearingin,1,9
neighbour,1,9
nonprofit,1,9
nuttyquot,1,9
offeghelp,1,9
onlineord,1,9
onslaught,1,9
orcontact,1,9
panchanga,1,9
paramount,1,9
parthiban,1,9
peopleaft,1,9
personnel,1,9
phenomena,1,9
plotsflat,1,9
policestn,1,9
poonamall,1,9
powerbank,1,9
prestitut,1,9
rainflood,1,9
rajbhavan,1,9
ramavaram,1,9
ravikumar,1,9
ravindran,1,9
roadmount,1,9
royapetai,1,9
safeguard,1,9
sangeetha,1,9
satyabama,1,9
secondari,1,9
sembakkam,1,9
senseless,1,9
sentiment,1,9
seruppadi,1,9
shameless,1,9
shstnpipd,1,9
sivakumar,1,9
skycinema,1,9
sonunigam,1,9
srivastav,1,9
srramanan,1,9
standbyop,1,9
sunkalpam,1,9
superstar,1,9
sympathet,1,9
teamsword,1,9
thangachi,1,9
thankaraj,1,9
timemoron,1,9
tonightrt,1,9
transmiss,1,9
ullagaram,1,9
unconfirm,1,9
unpredict,1,9
uttermost,1,9
venkatesh,1,9
voiceless,1,9
waterfood,1,9
waterrain,1,9
wednesday,1,9
whaatsapp,1,9
whilestay,1,9
wordpeopl,1,9
wreckless,1,9
aaashish,1,8
aagardhu,1,8
abbhinav,1,8
accummul,1,8
advisori,1,8
againwil,1,8
american,1,8
anderson,1,8
annangar,1,8
annauniv,1,8
annaverv,1,8
archimed,1,8
argument,1,8
armyndrf,1,8
attribut,1,8
ayyeppan,1,8
backpack,1,8
backyard,1,8
balanurs,1,8
bathroom,1,8
bessimon,1,8
bhagawan,1,8
bhaskara,1,8
bhuviher,1,8
birthday,1,8
blackout,1,8
bookmark,1,8
casualti,1,8
cellphon,1,8
cellular,1,8
challeng,1,8
charanya,1,8
chenaiit,1,8
chinmaya,1,8
chivalri,1,8
christma,1,8
circular,1,8
circumst,1,8
citystay,1,8
coleridg,1,8
collabor,1,8
communal,1,8
competit,1,8
congress,1,8
constant,1,8
contract,1,8
countinu,1,8
crocodil,1,8
cudallor,1,8
daughter,1,8
departur,1,8
destruct,1,8
dindigul,1,8
director,1,8
dispatch,1,8
distrbut,1,8
doctorin,1,8
dominion,1,8
dropdown,1,8
dubsmash,1,8
effluent,1,8
elsewher,1,8
emphasis,1,8
encourag,1,8
encroach,1,8
engalala,1,8
experinc,1,8
facelift,1,8
fbmeecha,1,8
fbmesxdj,1,8
fbmeuhyi,1,8
fbmeuuhj,1,8
feetdamn,1,8
flagship,1,8
floodsan,1,8
floodsin,1,8
floodspl,1,8
flourish,1,8
foodcant,1,8
fountain,1,8
fraction,1,8
fragment,1,8
franklin,1,8
frmation,1,8
fundsplz,1,8
globetru,1,8
glorious,1,8
goalllll,1,8
godbless,1,8
goodkind,1,8
governor,1,8
govtpubl,1,8
grandpar,1,8
gratitud,1,8
greatest,1,8
greenway,1,8
guypleas,1,8
hahaseem,1,8
halfanhr,1,8
halfyear,1,8
happenin,1,8
heartili,1,8
helpinfo,1,8
helpsham,1,8
hopeless,1,8
horizont,1,8
hourpray,1,8
inaround,1,8
indiahop,1,8
insensit,1,8
institut,1,8
interfer,1,8
introduc,1,8
jealousi,1,8
jeremiah,1,8
kaapathu,1,8
kadavula,1,8
kashmiri,1,8
kasuroor,1,8
khushboo,1,8
kolathur,1,8
kottudhu,1,8
kutumbam,1,8
lazyhazi,1,8
levellet,1,8
lifestyl,1,8
lonavala,1,8
longterm,1,8
lutheran,1,8
manitham,1,8
manyarea,1,8
marvideo,1,8
medianot,1,8
mofussil,1,8
monetari,1,8
morethan,1,8
movement,1,8
mrneeraj,1,8
msmproud,1,8
mukkiyam,1,8
mushroom,1,8
musquito,1,8
nandanam,1,8
narendra,1,8
neckdeep,1,8
neediest,1,8
nepallik,1,8
newspost,1,8
nolambur,1,8
numberon,1,8
numbersi,1,8
onlymani,1,8
opportun,1,8
optimist,1,8
otherwis,1,8
outskirt,1,8
packetsw,1,8
paiyanur,1,8
palmgrov,1,8
panlamey,1,8
peiyuthu,1,8
perspect,1,8
phenomen,1,8
plansact,1,8
platform,1,8
pondslak,1,8
pradeepa,1,8
prayerss,1,8
principl,1,8
pronounc,1,8
pudikala,1,8
quantiti,1,8
rainspet,1,8
rainther,1,8
reciproc,1,8
reckless,1,8
relaunch,1,8
repetitv,1,8
reportag,1,8
rescuert,1,8
risesgre,1,8
rockfort,1,8
safehelp,1,8
sanitari,1,8
scaryhop,1,8
scrutini,1,8
selaiyur,1,8
sensuous,1,8
seshadri,1,8
sharethi,1,8
shavedeo,1,8
sickular,1,8
siddarth,1,8
sidharth,1,8
singaara,1,8
singapor,1,8
sirpleas,1,8
sorround,1,8
spurtank,1,8
sriharan,1,8
srinagar,1,8
stayfood,1,8
stepmoth,1,8
stormwat,1,8
straight,1,8
stronger,1,8
stubborn,1,8
sundarav,1,8
sunlight,1,8
tamilian,1,8
taxesmak,1,8
teamwork,1,8
tellshar,1,8
terminus,1,8
thabaram,1,8
thehindu,1,8
thereani,1,8
threaten,1,8
thumpsup,1,8
tireless,1,8
tirupati,1,8
tnndrfin,1,8
tooooooo,1,8
transact,1,8
transfer,1,8
trnsprtn,1,8
unaffect,1,8
unavagam,1,8
unfollow,1,8
unimagin,1,8
unitedat,1,8
unitedoh,1,8
unoffici,1,8
valluvar,1,8
vishnuso,1,8
whatsoev,1,8
wherehow,1,8
workfolk,1,8
worrisom,1,8
zonearmi,1,8
abhinav,1,7
abusebr,1,7
accomad,1,7
acommod,1,7
airplan,1,7
amongst,1,7
amphibi,1,7
anjugam,1,7
antibjp,1,7
applaud,1,7
appoint,1,7
apprici,1,7
aprtmnt,1,7
archeri,1,7
areacan,1,7
areaour,1,7
areawis,1,7
astound,1,7
authent,1,7
automot,1,7
avalbti,1,7
avinash,1,7
ayodhya,1,7
ayyavoo,1,7
backsid,1,7
balconi,1,7
banglor,1,7
bastard,1,7
belittl,1,7
benevol,1,7
berserk,1,7
bestdon,1,7
bhagwan,1,7
biggern,1,7
billion,1,7
braveri,1,7
brought,1,7
buffett,1,7
builder,1,7
bulldoz,1,7
busdriv,1,7
busiest,1,7
canteen,1,7
centric,1,7
certain,1,7
cftstay,1,7
checkin,1,7
chepauk,1,7
cheyyur,1,7
chutiya,1,7
cleavag,1,7
closest,1,7
cnanyon,1,7
coastal,1,7
commend,1,7
compass,1,7
complex,1,7
concept,1,7
concert,1,7
concetr,1,7
condemn,1,7
conduct,1,7
consist,1,7
contagi,1,7
contain,1,7
convent,1,7
converg,1,7
crazili,1,7
creativ,1,7
creatur,1,7
curious,1,7
darkyet,1,7
dayshop,1,7
demolit,1,7
deposit,1,7
disagre,1,7
dischrg,1,7
disgust,1,7
dispens,1,7
displac,1,7
disturb,1,7
drlatha,1,7
earlier,1,7
element,1,7
ellarum,1,7
engross,1,7
exasper,1,7
exploit,1,7
extract,1,7
falooli,1,7
fantast,1,7
faraway,1,7
fbmevsa,1,7
financi,1,7
findgiv,1,7
flicker,1,7
flyover,1,7
foodplz,1,7
foodtag,1,7
foundat,1,7
furlong,1,7
gaaandu,1,7
garibon,1,7
general,1,7
generat,1,7
genmini,1,7
ghantag,1,7
goddess,1,7
gokulam,1,7
govdont,1,7
gradual,1,7
grandma,1,7
gstatus,1,7
guidanc,1,7
gujarat,1,7
gurudev,1,7
guysget,1,7
guysgod,1,7
guyswak,1,7
hardest,1,7
harivij,1,7
hasgtag,1,7
hatsoff,1,7
heavier,1,7
hershey,1,7
honamma,1,7
iamjitu,1,7
idhukku,1,7
imparti,1,7
imsivam,1,7
indiait,1,7
indiaso,1,7
indrani,1,7
infinit,1,7
inspect,1,7
irrelev,1,7
jagdish,1,7
jayenth,1,7
jealous,1,7
jeyanth,1,7
journal,1,7
junctur,1,7
kadavul,1,7
kalluri,1,7
kamatch,1,7
kashmir,1,7
kashyap,1,7
kitchen,1,7
kknagar,1,7
kneesif,1,7
kolkata,1,7
krishna,1,7
lakshmi,1,7
largest,1,7
lawrenc,1,7
lifetim,1,7
lighten,1,7
mainlin,1,7
manikam,1,7
matthew,1,7
meetela,1,7
mendoza,1,7
million,1,7
mobilea,1,7
molleti,1,7
moreonc,1,7
mrshane,1,7
mstatus,1,7
mudiala,1,7
mulayam,1,7
mumbaik,1,7
murugan,1,7
nagaril,1,7
nambier,1,7
natesan,1,7
ndtvpls,1,7
needcal,1,7
needful,1,7
neeelaa,1,7
nolabur,1,7
nowaday,1,7
nuisanc,1,7
obercom,1,7
operatd,1,7
oppmiot,1,7
ostatus,1,7
othersv,1,7
outcast,1,7
outpour,1,7
overflw,1,7
oversea,1,7
owlyvef,1,7
pakalam,1,7
palazzo,1,7
pallavi,1,7
partial,1,7
patienc,1,7
payment,1,7
periyar,1,7
pheonix,1,7
plastic,1,7
plunder,1,7
pointer,1,7
politic,1,7
ponneri,1,7
possess,1,7
potenti,1,7
powerum,1,7
pplneed,1,7
pplstay,1,7
pplteam,1,7
practic,1,7
pradyut,1,7
pralaya,1,7
prasadh,1,7
prepaid,1,7
pretend,1,7
princip,1,7
program,1,7
proport,1,7
protest,1,7
purchas,1,7
qualifi,1,7
quarter,1,7
rainsth,1,7
rajagop,1,7
rajnath,1,7
ramanan,1,7
rapheal,1,7
rapuram,1,7
rascala,1,7
rebrand,1,7
rebuild,1,7
regular,1,7
reliabl,1,7
reqsend,1,7
restaur,1,7
retteri,1,7
rknagar,1,7
roadsus,1,7
rooftop,1,7
royapet,1,7
rubbish,1,7
samsung,1,7
sandhya,1,7
saranga,1,7
sarathi,1,7
sathish,1,7
satisfi,1,7
saurabh,1,7
saviour,1,7
savitha,1,7
sceneri,1,7
screech,1,7
seaport,1,7
section,1,7
secular,1,7
selayur,1,7
sensibl,1,7
session,1,7
shreton,1,7
shulter,1,7
sightse,1,7
singara,1,7
slumurg,1,7
societi,1,7
softwar,1,7
solidar,1,7
specifi,1,7
sreesha,1,7
sriramm,1,7
srrvice,1,7
stadium,1,7
stagnat,1,7
standng,1,7
stardom,1,7
statuss,1,7
sterday,1,7
stomach,1,7
success,1,7
sufferw,1,7
summari,1,7
suspend,1,7
sustain,1,7
tallest,1,7
taxiway,1,7
teacher,1,7
teamgfk,1,7
telecom,1,7
thaanga,1,7
themplz,1,7
thmslvs,1,7
thozhan,1,7
timelin,1,7
todayin,1,7
tommrow,1,7
tractor,1,7
traffuc,1,7
trailer,1,7
transit,1,7
trapmax,1,7
tremend,1,7
trigger,1,7
trouser,1,7
tyrrani,1,7
unblock,1,7
unheard,1,7
unlimit,1,7
unstopp,1,7
upstair,1,7
veranda,1,7
vidurom,1,7
virtual,1,7
waterno,1,7
waterus,1,7
watsapp,1,7
weekend,1,7
wettest,1,7
whatsup,1,7
wordlin,1,7
worship,1,7
wrongth,1,7
yearold,1,7
youkeep,1,7
ystatus,1,7
accept,1,6
acmdat,1,6
adarsh,1,6
affair,1,6
afraid,1,6
aggrav,1,6
ahmedh,1,6
aipgme,1,6
aiyayo,1,6
aliyaa,1,6
allerg,1,6
alsoim,1,6
andhra,1,6
anther,1,6
anybdi,1,6
apolog,1,6
aptani,1,6
asleep,1,6
atrium,1,6
averag,1,6
avichi,1,6
awayth,1,6
bakeri,1,6
behalf,1,6
bhatia,1,6
bhavan,1,6
biblic,1,6
bicker,1,6
bizarr,1,6
blockc,1,6
bossim,1,6
bought,1,6
branch,1,6
breezi,1,6
bright,1,6
brocan,1,6
buhari,1,6
burkit,1,6
button,1,6
calibr,1,6
callil,1,6
camera,1,6
canara,1,6
candid,1,6
canths,1,6
carbon,1,6
cargil,1,6
carnag,1,6
causin,1,6
cheden,1,6
chosen,1,6
ckshah,1,6
client,1,6
closer,1,6
cnnibn,1,6
cntact,1,6
collat,1,6
combin,1,6
comman,1,6
condol,1,6
confrm,1,6
confus,1,6
contin,1,6
convoy,1,6
cooper,1,6
coovum,1,6
corner,1,6
cosmic,1,6
crappi,1,6
crippl,1,6
crumbl,1,6
custom,1,6
cutoff,1,6
dagger,1,6
darkkk,1,6
daytim,1,6
deepak,1,6
deeper,1,6
defenc,1,6
degrad,1,6
demand,1,6
dental,1,6
destin,1,6
devest,1,6
dictat,1,6
dindug,1,6
dollar,1,6
domino,1,6
doonga,1,6
drench,1,6
driven,1,6
drizzl,1,6
dspsal,1,6
dstrbt,1,6
duethi,1,6
econom,1,6
elucid,1,6
embank,1,6
employ,1,6
engala,1,6
ennama,1,6
esteem,1,6
eveyon,1,6
extens,1,6
exterm,1,6
eyecar,1,6
failur,1,6
falter,1,6
fayyaz,1,6
fightu,1,6
finger,1,6
floodi,1,6
forgiv,1,6
format,1,6
fortun,1,6
fought,1,6
framaa,1,6
fulfil,1,6
fyiani,1,6
galaxi,1,6
geetha,1,6
gettin,1,6
gettng,1,6
gigant,1,6
goneth,1,6
gourav,1,6
grness,1,6
guilti,1,6
gutter,1,6
guvera,1,6
guyspl,1,6
guysss,1,6
happng,1,6
hayden,1,6
haywir,1,6
hazard,1,6
health,1,6
heaver,1,6
helmet,1,6
heroic,1,6
heroin,1,6
herslf,1,6
higher,1,6
horrid,1,6
horror,1,6
howget,1,6
hudhud,1,6
hungri,1,6
idhuku,1,6
illama,1,6
immens,1,6
immers,1,6
impani,1,6
inarnd,1,6
incred,1,6
indira,1,6
inflat,1,6
infrar,1,6
insatd,1,6
inspir,1,6
inspit,1,6
intent,1,6
intiat,1,6
invent,1,6
invert,1,6
invest,1,6
irribl,1,6
irunga,1,6
jagoni,1,6
jayant,1,6
jayatv,1,6
journo,1,6
kaveri,1,6
kejriw,1,6
kinder,1,6
kottam,1,6
kottur,1,6
lalaji,1,6
laptop,1,6
lectur,1,6
lethal,1,6
livinh,1,6
logist,1,6
loyala,1,6
luxuri,1,6
maaria,1,6
machan,1,6
malici,1,6
manali,1,6
mandav,1,6
manhol,1,6
manick,1,6
marina,1,6
marvel,1,6
maymay,1,6
meadow,1,6
mediaa,1,6
medico,1,6
meloni,1,6
method,1,6
mgroad,1,6
migrat,1,6
minmin,1,6
miresh,1,6
modifi,1,6
moochu,1,6
morrow,1,6
mortal,1,6
mrmani,1,6
muchso,1,6
mustnt,1,6
narrat,1,6
narrow,1,6
nasser,1,6
nearer,1,6
needsi,1,6
neglig,1,6
nepali,1,6
netaji,1,6
nevill,1,6
nobodi,1,6
object,1,6
obtain,1,6
offlin,1,6
onceto,1,6
onward,1,6
orphan,1,6
ostpon,1,6
outcom,1,6
outdid,1,6
outlet,1,6
overcm,1,6
packup,1,6
padika,1,6
pakoda,1,6
pammal,1,6
panick,1,6
passal,1,6
patrol,1,6
paypal,1,6
perhap,1,6
perman,1,6
pethet,1,6
physcl,1,6
physic,1,6
piglet,1,6
pillow,1,6
pinion,1,6
plstic,1,6
pocket,1,6
podhum,1,6
poison,1,6
poondi,1,6
portal,1,6
potabl,1,6
powder,1,6
pplsif,1,6
pranam,1,6
profit,1,6
promis,1,6
proptn,1,6
punjab,1,6
puzhal,1,6
racist,1,6
radius,1,6
rahman,1,6
rajini,1,6
reachd,1,6
realis,1,6
recycl,1,6
redund,1,6
remedi,1,6
rendit,1,6
repost,1,6
repres,1,6
reserv,1,6
resolv,1,6
respit,1,6
restor,1,6
result,1,6
retard,1,6
reunit,1,6
reveal,1,6
roshan,1,6
runway,1,6
russia,1,6
sadden,1,6
sadham,1,6
safest,1,6
salika,1,6
salman,1,6
sambar,1,6
saniti,1,6
sarath,1,6
satyam,1,6
scarya,1,6
scrape,1,6
scream,1,6
secret,1,6
sector,1,6
seenno,1,6
select,1,6
seller,1,6
sensit,1,6
shiver,1,6
sicken,1,6
siddhu,1,6
silenc,1,6
silver,1,6
singer,1,6
sittin,1,6
situtn,1,6
skanda,1,6
skymet,1,6
smbodi,1,6
somhow,1,6
sonnet,1,6
sooooo,1,6
sorrow,1,6
speech,1,6
spkoil,1,6
spoken,1,6
sruthi,1,6
starnd,1,6
storey,1,6
strday,1,6
struct,1,6
stumbl,1,6
subway,1,6
sudden,1,6
sunami,1,6
sunday,1,6
supabb,1,6
surend,1,6
survey,1,6
target,1,6
taught,1,6
telugu,1,6
termin,1,6
thanku,1,6
thanni,1,6
thidal,1,6
thread,1,6
threat,1,6
tomrow,1,6
topper,1,6
trafic,1,6
tragic,1,6
trendi,1,6
trueam,1,6
tunnel,1,6
ukhado,1,6
unawar,1,6
unload,1,6
unsung,1,6
unwant,1,6
upload,1,6
urselv,1,6
vaanam,1,6
vaichi,1,6
valley,1,6
varuna,1,6
vechil,1,6
veraci,1,6
vidama,1,6
vikram,1,6
vishwa,1,6
vision,1,6
visual,1,6
vultur,1,6
watsap,1,6
wattay,1,6
wdrink,1,6
wealth,1,6
websit,1,6
winter,1,6
wisdom,1,6
worker,1,6
worsen,1,6
worser,1,6
wrench,1,6
yetnow,1,6
yokesh,1,6
zomoto,1,6
aagra,1,5
aagum,1,5
aaron,1,5
aattn,1,5
aavin,1,5
abbus,1,5
abdur,1,5
abucr,1,5
accid,1,5
admin,1,5
afctd,1,5
affan,1,5
agenc,1,5
agent,1,5
agnst,1,5
ahafm,1,5
aiyoo,1,5
allan,1,5
alleg,1,5
almst,1,5
ambit,1,5
among,1,5
anger,1,5
angri,1,5
appal,1,5
arcad,1,5
arena,1,5
arrog,1,5
aruna,1,5
asham,1,5
aswin,1,5
atroc,1,5
atuss,1,5
avalb,1,5
await,1,5
baker,1,5
batch,1,5
battl,1,5
beach,1,5
begin,1,5
begun,1,5
bhaad,1,5
bhind,1,5
bhumi,1,5
bigfm,1,5
biker,1,5
biswa,1,5
blamd,1,5
board,1,5
bonni,1,5
brand,1,5
bribe,1,5
bride,1,5
brink,1,5
brown,1,5
bsafe,1,5
bserv,1,5
bunch,1,5
bunni,1,5
burst,1,5
byond,1,5
canva,1,5
catch,1,5
ccing,1,5
chalo,1,5
chase,1,5
chenn,1,5
circl,1,5
civic,1,5
claim,1,5
class,1,5
cldnt,1,5
coffe,1,5
color,1,5
contd,1,5
coord,1,5
cooum,1,5
crack,1,5
crave,1,5
cruel,1,5
ctzns,1,5
cubic,1,5
cudnt,1,5
daaww,1,5
daili,1,5
deadw,1,5
decad,1,5
decid,1,5
degre,1,5
delta,1,5
devot,1,5
dewat,1,5
digit,1,5
diver,1,5
dlvrd,1,5
domin,1,5
dotor,1,5
doubt,1,5
dowac,1,5
dplyd,1,5
dread,1,5
drool,1,5
drove,1,5
dubai,1,5
dvide,1,5
elect,1,5
ellam,1,5
email,1,5
emoji,1,5
empti,1,5
engag,1,5
enjoy,1,5
enoda,1,5
eqlli,1,5
equal,1,5
eruku,1,5
escap,1,5
etdef,1,5
exact,1,5
excel,1,5
excit,1,5
expir,1,5
fairi,1,5
faith,1,5
fanci,1,5
fathr,1,5
ferri,1,5
field,1,5
fierc,1,5
figur,1,5
fineb,1,5
fixat,1,5
fleet,1,5
fmthe,1,5
forum,1,5
fruit,1,5
funni,1,5
ganga,1,5
gbqks,1,5
ghani,1,5
givin,1,5
globe,1,5
gloom,1,5
gnana,1,5
goner,1,5
gotta,1,5
grove,1,5
gryll,1,5
gting,1,5
gundi,1,5
halat,1,5
handi,1,5
hasan,1,5
hesit,1,5
hindi,1,5
hishh,1,5
humid,1,5
hurdl,1,5
illeg,1,5
imran,1,5
inact,1,5
inbox,1,5
incas,1,5
incom,1,5
index,1,5
indha,1,5
indic,1,5
innov,1,5
input,1,5
invis,1,5
ipadi,1,5
ironi,1,5
jalam,1,5
jesus,1,5
joker,1,5
kabir,1,5
kadhi,1,5
kanla,1,5
kapur,1,5
khair,1,5
kindl,1,5
knwso,1,5
kovur,1,5
labor,1,5
laugh,1,5
letup,1,5
liber,1,5
light,1,5
listd,1,5
login,1,5
lorri,1,5
lotus,1,5
lucki,1,5
lyric,1,5
machi,1,5
macro,1,5
majar,1,5
manic,1,5
marsw,1,5
mayaj,1,5
mazha,1,5
mciti,1,5
mebut,1,5
membr,1,5
mendi,1,5
mgmnt,1,5
miser,1,5
misus,1,5
mitig,1,5
mnths,1,5
moder,1,5
moral,1,5
motiv,1,5
munch,1,5
music,1,5
naala,1,5
nadus,1,5
nager,1,5
naidu,1,5
nanak,1,5
nanga,1,5
natin,1,5
nativ,1,5
nayan,1,5
nebdi,1,5
nenga,1,5
nissi,1,5
notam,1,5
nowit,1,5
ntwrk,1,5
numbr,1,5
often,1,5
okgiv,1,5
omega,1,5
onion,1,5
ordrd,1,5
outgo,1,5
outno,1,5
owsum,1,5
ozaan,1,5
paaru,1,5
paddl,1,5
padma,1,5
panna,1,5
panni,1,5
parsn,1,5
pearl,1,5
phase,1,5
placd,1,5
plese,1,5
plsss,1,5
pondi,1,5
pooja,1,5
popul,1,5
posit,1,5
pplin,1,5
press,1,5
price,1,5
pride,1,5
print,1,5
promo,1,5
prubu,1,5
puddl,1,5
punch,1,5
quiet,1,5
qzcom,1,5
radio,1,5
ragav,1,5
raing,1,5
rajiv,1,5
rajni,1,5
rapid,1,5
ravir,1,5
reali,1,5
refus,1,5
regul,1,5
relax,1,5
relev,1,5
relif,1,5
reliv,1,5
retir,1,5
roast,1,5
rohit,1,5
royap,1,5
rscue,1,5
saami,1,5
safty,1,5
sampl,1,5
sault,1,5
saver,1,5
scale,1,5
score,1,5
screw,1,5
seiya,1,5
sekar,1,5
semma,1,5
settl,1,5
sewag,1,5
shake,1,5
sharr,1,5
sheer,1,5
shore,1,5
shout,1,5
sidco,1,5
silli,1,5
simpl,1,5
slave,1,5
sling,1,5
smell,1,5
smile,1,5
smoke,1,5
smsto,1,5
snack,1,5
sneha,1,5
socal,1,5
solac,1,5
solut,1,5
sorta,1,5
spain,1,5
spate,1,5
speed,1,5
spell,1,5
spend,1,5
spite,1,5
sport,1,5
sppli,1,5
squar,1,5
srmno,1,5
stage,1,5
stall,1,5
stare,1,5
steam,1,5
stepa,1,5
sterl,1,5
stiff,1,5
stone,1,5
stope,1,5
store,1,5
stree,1,5
strip,1,5
stunt,1,5
suprb,1,5
swell,1,5
swill,1,5
syria,1,5
tellm,1,5
thanx,1,5
thier,1,5
thina,1,5
thngs,1,5
timei,1,5
titan,1,5
topup,1,5
trade,1,5
trial,1,5
trick,1,5
trish,1,5
troll,1,5
trump,1,5
truth,1,5
tryin,1,5
twice,1,5
uffff,1,5
ultim,1,5
union,1,5
unsur,1,5
upwho,1,5
uttar,1,5
valli,1,5
vasan,1,5
venom,1,5
vetri,1,5
villa,1,5
vocal,1,5
volut,1,5
vundi,1,5
wapsi,1,5
warer,1,5
watev,1,5
whack,1,5
whine,1,5
white,1,5
whore,1,5
whose,1,5
whtll,1,5
wiper,1,5
woken,1,5
wreak,1,5
wreck,1,5
yenna,1,5
yrplz,1,5
aaga,1,4
abid,1,4
abod,1,4
accm,1,4
adam,1,4
addr,1,4
adhu,1,4
aeap,1,4
agar,1,4
aipg,1,4
aiyo,1,4
ajit,1,4
ajsp,1,4
alll,1,4
allw,1,4
alng,1,4
alot,1,4
anti,1,4
aray,1,4
arih,1,4
arni,1,4
arya,1,4
aslo,1,4
attn,1,4
audi,1,4
aunt,1,4
auto,1,4
avbl,1,4
awak,1,4
awww,1,4
azam,1,4
bahu,1,4
bday,1,4
bear,1,4
bedi,1,4
beef,1,4
befr,1,4
bejc,1,4
belv,1,4
bhai,1,4
bibl,1,4
bigb,1,4
blob,1,4
blue,1,4
born,1,4
brim,1,4
bttr,1,4
bulk,1,4
buti,1,4
byte,1,4
cage,1,4
cart,1,4
ceas,1,4
cell,1,4
chat,1,4
clip,1,4
cmda,1,4
cmpm,1,4
coal,1,4
code,1,4
coil,1,4
coir,1,4
cold,1,4
colg,1,4
cont,1,4
cool,1,4
copd,1,4
crib,1,4
curs,1,4
cver,1,4
dare,1,4
dawn,1,4
deae,1,4
dean,1,4
deet,1,4
dfmg,1,4
dhaa,1,4
diff,1,4
dire,1,4
dirt,1,4
dist,1,4
doar,1,4
dono,1,4
doom,1,4
doso,1,4
drip,1,4
drow,1,4
dstn,1,4
dtls,1,4
dust,1,4
duti,1,4
ectv,1,4
elat,1,4
emer,1,4
emmi,1,4
enna,1,4
epic,1,4
evil,1,4
evnt,1,4
evri,1,4
extn,1,4
fare,1,4
fast,1,4
fbpl,1,4
felt,1,4
fend,1,4
fest,1,4
firm,1,4
five,1,4
fogg,1,4
foto,1,4
frnt,1,4
frnz,1,4
frwd,1,4
fuel,1,4
fwds,1,4
gaga,1,4
gain,1,4
game,1,4
gaya,1,4
gear,1,4
ghul,1,4
gift,1,4
giri,1,4
goer,1,4
gold,1,4
gosh,1,4
goup,1,4
gown,1,4
grew,1,4
grip,1,4
grps,1,4
guru,1,4
gush,1,4
gvng,1,4
harm,1,4
hast,1,4
hatr,1,4
hatt,1,4
hill,1,4
hsnt,1,4
hstl,1,4
hype,1,4
ibtl,1,4
ifsc,1,4
iitm,1,4
illa,1,4
impt,1,4
indv,1,4
infi,1,4
inth,1,4
irka,1,4
isha,1,4
isro,1,4
jaya,1,4
jeje,1,4
jerk,1,4
jith,1,4
kanu,1,4
kare,1,4
kasi,1,4
keen,1,4
kept,1,4
khol,1,4
kick,1,4
laid,1,4
lane,1,4
late,1,4
laya,1,4
leme,1,4
lift,1,4
litr,1,4
livn,1,4
loav,1,4
lool,1,4
loot,1,4
luke,1,4
maam,1,4
maha,1,4
mark,1,4
mass,1,4
mble,1,4
mdia,1,4
meet,1,4
meif,1,4
mein,1,4
mela,1,4
meme,1,4
memi,1,4
mere,1,4
merg,1,4
mert,1,4
mght,1,4
mgmt,1,4
micr,1,4
mixi,1,4
mock,1,4
msgs,1,4
msms,1,4
mtrd,1,4
mujh,1,4
myth,1,4
naga,1,4
nbrs,1,4
nded,1,4
neck,1,4
neha,1,4
ngos,1,4
nick,1,4
niec,1,4
nigh,1,4
nois,1,4
numr,1,4
obey,1,4
olym,1,4
omin,1,4
othr,1,4
ouch,1,4
paai,1,4
paci,1,4
pave,1,4
payn,1,4
pile,1,4
pkgs,1,4
plis,1,4
plng,1,4
plus,1,4
poll,1,4
prdp,1,4
prem,1,4
pspb,1,4
push,1,4
qstn,1,4
rage,1,4
rail,1,4
raja,1,4
rant,1,4
rare,1,4
recd,1,4
rech,1,4
rein,1,4
reli,1,4
renu,1,4
risk,1,4
roam,1,4
rode,1,4
rofl,1,4
roll,1,4
rusk,1,4
saan,1,4
saar,1,4
sabe,1,4
sake,1,4
sale,1,4
salt,1,4
sane,1,4
sang,1,4
seak,1,4
self,1,4
sgnp,1,4
shoe,1,4
shot,1,4
smso,1,4
sola,1,4
sold,1,4
sort,1,4
soup,1,4
spew,1,4
spot,1,4
sprd,1,4
suit,1,4
sung,1,4
suse,1,4
tape,1,4
tele,1,4
temp,1,4
term,1,4
test,1,4
ther,1,4
thro,1,4
thrs,1,4
tlhe,1,4
tngr,1,4
tnhb,1,4
toda,1,4
told,1,4
topo,1,4
tose,1,4
tumh,1,4
tune,1,4
tuse,1,4
twit,1,4
twtr,1,4
twts,1,4
tyre,1,4
uall,1,4
uber,1,4
ubin,1,4
ulti,1,4
undo,1,4
user,1,4
util,1,4
valu,1,4
venu,1,4
vera,1,4
verg,1,4
visa,1,4
voic,1,4
vomm,1,4
wana,1,4
wear,1,4
whop,1,4
whre,1,4
wife,1,4
woah,1,4
woke,1,4
xtra,1,4
yeah,1,4
yell,1,4
yeri,1,4
yike,1,4
youd,1,4
zero,1,4
zhbc,1,4
